{"coupling": [[0.0, 0.0057132642270455655, 0.005075653138187601, 0.005075653138187601, 0.0, 0.0, 0.0, 0.0, 0.0, 0.0], [0.0, 0.05147927153282764, 0.024260364233586178, 0.024260364233586178, 0.0, 0.0, 0.0, 0.0, 0.0, 0.0], [0.0, 0.02474973077373099, 0.04144964413503991, 0.03380062509122911, 0.0, 0.0, 0.0, 0.0, 0.0, 0.0], [0.0, 0.024749730773730994, 0.03380062509122911, 0.04144964413503992, 0.0, 0.0, 0.0, 0.0, 0.0, 0.0], [0.0, 0.026799640369247542, 0.036600179815376235, 0.036600179815376235, 0.0, 0.0, 0.0, 0.0, 0.0, 0.0], [0.0, 0.027273072148872684, 0.036363463925563666, 0.036363463925563666, 0.0, 0.0, 0.0, 0.0, 0.0, 0.0], [0.0, 0.03601272549933611, 0.03199363725033195, 0.03199363725033195, 0.0, 0.0, 0.0, 0.0, 0.0, 0.0], [0.0, 0.03601272549933606, 0.031993637250331906, 0.031993637250331906, 0.0, 0.0, 0.0, 0.0, 0.0, 0.0], [0.0, 0.036012725498648486, 0.03199363724972107, 0.03199363724972107, 0.0, 0.0, 0.0, 0.0, 0.0, 0.0], [0.0, 0.036012725498648486, 0.03199363724972107, 0.03199363724972107, 0.0, 0.0, 0.0, 0.0, 0.0, 0.0]], "sweet": [0, 4, 5, 6, 7, 8, 9, 11, 14, 16], "cost": 258.8931907211454}